City Name,Country Code,Random Lat,Random Lon,Latitude,Longitude,Temp (F),Humidity (%),Cloudiness (%),Wind Speed (mph)
colombo,lk,6.750000000049496,78.63000000008628,6.93,79.85,77,94,40,5.82
lagoa,pt,44.990000000069074,-27.54999999996805,37.14,-8.45,71.6,68,0,9.17
cidreira,br,-58.54999999998391,-21.639999999965028,-30.17,-50.22,46.39,82,0,2.77
kikwit,cd,-6.27999999995717,18.74000000005563,-5.04,18.82,64.93,90,0,4.68
bilma,ne,20.13000000005634,10.250000000051287,18.69,12.92,82.3,19,76,5.68
cadillac,us,44.260000000068686,-85.05999999999747,44.25,-85.4,66.58,82,90,3.36
upernavik,gl,89.39000000009179,-53.0599999999811,72.79,-56.15,32.8,95,92,10.49
dalbandin,pk,28.990000000060874,63.68000000007862,28.9,64.41,69.67,18,0,6.96
mahebourg,mu,-52.069999999980595,79.4900000000867,-20.41,57.7,66.2,88,20,6.93
hermanus,za,-63.96999999998668,4.810000000048504,-34.42,19.24,44.23,100,36,4.45
ibra,om,22.88000000005775,58.52000000007598,22.69,58.55,78.25,49,0,0.98
taft,ir,31.15000000006198,53.32000000007332,31.75,54.22,82.4,11,0,9.17
busselton,au,-75.51999999999259,83.66000000008884,-33.64,115.35,63.4,100,88,13.51
thompson,ca,70.51000000008213,-88.91999999999945,55.74,-97.86,68,45,20,8.05
tasiilaq,gl,73.11000000008346,-38.699999999973755,65.61,-37.64,39.2,55,0,10.29
salalah,om,11.050000000051696,59.720000000076595,17.01,54.1,82.4,88,75,10.29
luderitz,na,-30.98999999996981,0.29000000004619153,-26.65,15.16,54.64,91,0,15.12
mantua,cu,24.570000000058613,-86.35999999999814,22.29,-84.28,75.73,87,8,2.55
minas,uy,-33.62999999997116,-55.409999999982304,-34.38,-55.24,53.6,71,0,4.7
yar-sale,ru,70.64000000008218,70.72000000008222,66.83,70.83,50.8,82,80,10.71
mapiripan,co,2.990000000047573,-71.83999999999071,2.89,-72.13,71.77,88,80,5.68
bredasdorp,za,-54.959999999982074,21.900000000057247,-34.53,20.04,46.4,81,24,3.36
tamiami,us,25.880000000059283,-80.52999999999516,25.76,-80.4,81.5,74,20,9.17
hofn,is,57.62000000007552,-16.029999999962158,64.25,-15.21,44.23,100,92,10.04
aligudarz,ir,32.900000000062875,49.41000000007131,33.4,49.69,51.52,52,0,0.76
qaanaaq,gl,72.6400000000832,-83.45999999999665,77.48,-69.36,31.9,100,92,2.77
klaksvik,fo,80.47000000008723,-5.779999999956914,62.23,-6.59,46.4,81,12,16.11
ushuaia,ar,-79.00999999999438,-29.22999999996891,-54.81,-68.31,41,56,40,16.31
komsomolets,kz,53.560000000073444,62.290000000077896,53.75,62.07,65.65,66,24,7.7
jamestown,sh,-34.63999999997168,-3.119999999955553,-15.94,-5.72,71.05,100,64,16.2
hithadhoo,mv,-10.349999999959252,67.05000000008033,-0.6,73.08,84.73,100,80,14.63
vardo,no,86.5000000000903,36.280000000064604,70.37,31.11,47.62,92,48,8.52
ambilobe,mg,-13.21999999996072,49.80000000007152,-13.19,49.05,74.29,73,0,10.6
lunino,ru,53.50000000007341,45.30000000006922,53.59,45.22,68.35,52,44,9.04
ancud,cl,-41.28999999997508,-80.55999999999517,-41.87,-73.83,44.68,77,92,4.23
lotoshino,ru,56.250000000074806,35.86000000006439,56.23,35.64,60.61,62,20,15.86
iquitos,pe,-3.3299999999556604,-72.75999999999118,-3.75,-73.25,71.6,94,8,2.04
qasigiannguit,gl,66.69000000008015,-47.89999999997846,68.82,-51.19,44.6,52,75,4.7
ostrovnoy,ru,70.75000000008225,39.13000000006605,68.05,39.51,57.73,97,76,7.81
paita,pe,-9.049999999958587,-88.05999999999901,-5.09,-81.11,63.58,96,36,4.68
dikson,ru,76.04000000008494,71.91000000008285,73.51,80.55,31.99,97,0,21.56
castro,cl,-47.73999999997838,-81.71999999999576,-42.48,-73.76,43.93,83,68,4.5
lovozero,ru,66.90000000008027,36.770000000064854,68.01,35.02,56.02,81,68,3.11
camocim,br,-1.4499999999546986,-41.05999999997496,-2.9,-40.84,73.48,95,8,8.59
gombe,ng,10.350000000051338,11.660000000052008,10.28,11.16,76.99,76,88,16.31
dingle,ie,49.57000000007139,-17.16999999996274,52.14,-10.27,59.41,95,92,24.52
salinopolis,br,3.7400000000479565,-45.4399999999772,-0.61,-47.36,76.27,100,32,9.04
torbay,ca,46.30000000006973,-46.48999999997774,47.66,-52.73,51.8,100,90,18.34
tripoli,ly,32.590000000062716,13.000000000052694,32.88,13.19,71.95,100,0,6.58
filingue,ne,14.820000000053625,3.0600000000476086,14.35,3.32,81.22,61,0,16.75
forestville,ca,50.130000000071675,-69.88999999998971,48.74,-69.09,55.4,76,20,3.36
atbasar,kz,50.29000000007176,68.71000000008121,51.81,68.36,65.92,61,76,4.79
sinnamary,gf,10.640000000051486,-49.84999999997946,5.38,-52.96,80.86,95,88,10.6
marawi,sd,19.760000000056152,28.20000000006047,18.48,31.82,82.93,51,24,11.05
saint-philippe,re,-40.51999999997469,62.74000000007814,-21.36,55.77,68,60,0,6.93
karcag,hu,47.31000000007026,20.980000000056776,47.31,20.92,68,82,0,4.7
kulhudhuffushi,mv,6.480000000049358,67.60000000008063,6.62,73.07,83.83,97,80,19.1
saint-joseph,re,-29.02999999996881,56.10000000007474,-21.37,55.62,68,60,0,6.93
portree,gb,57.180000000075296,-6.919999999957497,57.41,-6.19,47.2,100,92,3.22
ilhabela,br,-25.509999999967008,-44.819999999976886,-23.78,-45.36,70.15,100,12,14.52
soligalich,ru,59.1700000000763,41.76000000006741,59.08,42.29,57.01,98,92,18.66
longyearbyen,sj,88.6600000000914,27.75000000006024,78.22,15.64,39.2,100,75,4.7
kolobrzeg,pl,54.39000000007388,15.73000000005409,54.18,15.58,56.02,83,0,8.14
sabratah,ly,32.610000000062726,12.31000000005234,32.79,12.49,72.67,100,0,7.25
volovo,ru,53.530000000073414,37.810000000065386,53.55,38.01,69.43,62,64,12.17
kalmunai,lk,4.580000000048386,87.22000000009066,7.42,81.82,82.75,79,32,8.81
kodino,ru,63.32000000007844,39.880000000066445,63.72,39.64,55.57,100,92,4.23
najran,sa,19.70000000005612,44.80000000006896,17.54,44.22,77,17,5,3.67
souillac,mu,-47.7799999999784,70.79000000008227,-20.52,57.52,66.2,88,20,6.93
mokrous,ru,50.95000000007212,47.710000000070465,51.24,47.51,71.68,38,20,4.79
dalvik,is,65.55000000007959,-18.549999999963447,65.97,-18.53,41,75,0,6.93
narva-joesuu,ee,59.89000000007667,28.310000000060526,59.46,28.04,59.53,72,48,13.29
piacabucu,br,-11.799999999959994,-35.51999999997213,-10.41,-36.43,71.77,95,88,7.02
nanortalik,gl,52.71000000007302,-42.67999999997579,60.14,-45.24,35.32,100,92,21.56
takoradi,gh,-5.109999999956571,-0.7399999999543354,4.89,-1.75,75.73,100,76,10.71
wagar,sd,16.070000000054264,35.79000000006435,16.15,36.2,72.31,84,0,10.04
garissa,ke,-1.0799999999545093,40.43000000006674,-0.46,39.64,69.97,86,8,8.7
druskininkai,lt,54.11000000007374,23.88000000005826,54.02,23.98,58.99,75,0,11.27
iracoubo,gf,4.820000000048509,-53.40999999998128,5.48,-53.21,77.71,80,32,5.12
chuy,uy,-49.349999999979204,-37.16999999997297,-33.69,-53.46,49.63,84,0,9.48
paamiut,gl,57.7500000000756,-54.18999999998168,61.99,-49.67,39.43,91,88,16.8
narsaq,gl,74.6100000000842,-68.70999999998911,60.91,-46.05,44.6,65,75,3.36
taoudenni,ml,23.030000000057825,-1.3599999999546526,22.68,-3.98,94.9,13,0,15.52
kruisfontein,za,-49.26999999997916,26.060000000059375,-34,24.73,55.12,90,0,10.04
pangnirtung,ca,61.6800000000776,-63.89999999998665,66.15,-65.72,31.72,97,76,2.21
berlevag,no,74.99000000008442,29.680000000061227,70.86,29.09,46.45,98,36,3.04
vallenar,cl,-28.85999999996872,-69.15999999998934,-28.58,-70.76,49.06,81,0,1.92
ilulissat,gl,70.82000000008227,-45.80999999997739,69.22,-51.1,44.6,52,75,4.7
pisco,pe,-16.509999999962403,-82.09999999999596,-13.71,-76.2,62.6,82,90,8.05
uyovu,tz,-3.469999999955732,31.670000000062245,-3.28,31.53,56.83,78,12,3.22
georgetown,sh,-7.439999999957763,-24.039999999966255,-7.93,-14.42,77.44,100,0,13.62
yining,cn,43.8700000000685,81.07000000008753,29.04,114.56,78.79,86,64,3.44
coquimbo,cl,-27.989999999968276,-85.3199999999976,-29.95,-71.34,51.8,87,90,3.36
hamina,fi,60.94000000007722,27.560000000060143,60.57,27.2,51.8,81,0,8.05
doha,qa,25.300000000058986,52.040000000072666,25.29,51.53,96.8,32,0,12.75
sisimiut,gl,66.35000000008,-55.23999999998222,66.94,-53.67,30.82,100,88,1.1
ainazi,lv,57.900000000075664,24.030000000058337,57.86,24.36,59.08,66,0,15.86
yabrud,sy,34.08000000006348,37.8400000000654,33.97,36.66,64.4,45,0,6.93
constitucion,cl,-34.689999999971704,-72.42999999999101,-35.33,-72.42,48.91,97,8,7.7
notre-dame-du-lac,ca,47.610000000070386,-68.85999999998918,47.61,-68.8,60.8,51,1,10.29
bani,do,16.010000000054234,-70.17999999998986,18.28,-70.33,80.32,100,44,11.5
ginir,et,7.750000000050008,41.27000000006717,7.14,40.71,55.57,86,0,4.56
huancavelica,pe,-13.079999999960648,-75.23999999999245,-12.79,-74.97,26.32,84,0,1.77
sorland,no,68.42000000008105,9.24000000005077,67.67,12.69,48.55,96,36,13.73
namwala,zm,-16.20999999996225,26.310000000059503,-15.75,26.45,49.72,87,0,5.01
carnarvon,au,-29.239999999968916,87.01000000009054,-24.87,113.63,60.97,100,0,13.06
moroni,km,-12.589999999960398,42.23000000006766,-11.7,43.26,79.15,100,56,12.73
saint-pierre,pm,39.23000000006613,-53.71999999998144,46.77,-56.17,45.1,94,80,19.15
iqaluit,ca,56.77000000007507,-69.24999999998938,63.75,-68.52,39.2,90,75,18.34
artyom,az,40.760000000066896,51.900000000072595,40.47,50.33,68,68,0,9.17
halifax,ca,41.07000000006707,-60.82999999998508,44.65,-63.58,62.53,55,75,6.93
morondava,mg,-20.56999999996448,43.58000000006834,-20.3,44.28,65.65,100,0,4.23
grindavik,is,60.25000000007685,-23.47999999996597,63.84,-22.43,43.75,81,75,6.93
marrakesh,ma,32.550000000062695,-7.639999999957865,31.63,-7.99,66.2,63,0,5.82
kpandae,gh,8.860000000050576,0.09000000004608921,8.46,-0.01,74.92,82,92,11.83
pemba,mz,-12.679999999960444,41.32000000006718,-12.97,40.52,71.6,88,40,4.7
carballo,es,45.54000000006934,-11.489999999959835,43.21,-8.69,63.54,88,0,2.48
muncie,us,40.28000000006665,-85.23999999999756,40.19,-85.39,72.39,83,1,5.79
massaranduba,br,-7.249999999957666,-35.78999999997227,-7.18,-35.73,69.8,88,75,6.93
namibe,ao,-17.239999999962777,9.930000000051123,-15.19,12.15,67.09,100,48,3.67
maceio,br,-16.929999999962618,-25.949999999967233,-9.67,-35.74,71.6,94,40,1.12
nouadhibou,mr,24.040000000058342,-19.269999999963815,20.93,-17.03,66.2,82,0,13.87
agadez,ne,18.110000000055308,8.890000000050591,16.97,7.99,85.27,36,76,12.28
sevierville,us,35.580000000064246,-83.67999999999677,35.87,-83.56,87.04,51,40,4.7
ugoofaaru,mv,5.700000000048959,68.1700000000809,5.67,73,83.29,98,88,15.19
dhidhdhoo,mv,6.960000000049604,74.62000000008422,6.88,73.1,83.83,97,80,19.1
mercedes,ar,-34.20999999997146,-64.52999999998697,-29.18,-58.08,59.8,89,0,11.83
turukhansk,ru,62.6900000000781,88.6300000000914,65.8,87.96,77.26,60,0,14.63
semey,kz,49.14000000007118,79.40000000008666,50.41,80.25,75.01,50,0,4.68
kilimatinde,tz,-6.2699999999571645,34.88000000006389,-5.75,34.82,53.95,90,0,4.12
phaltan,in,17.890000000055196,74.5800000000842,17.99,74.43,76.99,100,8,5.12
nuuk,gl,65.84000000007973,-50.619999999979854,64.17,-51.74,35.6,93,90,4.7
alanya,tr,35.90000000006441,32.120000000062475,36.55,32,67.36,100,56,3.22
konza,ke,-1.8099999999548828,37.15000000006505,-1.74,37.13,59,93,75,5.82
troitsk,ru,53.830000000073596,61.390000000077464,54.08,61.55,65.65,66,24,7.7
gouyave,gd,12.6200000000525,-63.10999999998624,12.16,-61.73,78.8,88,40,8.05
kondinskoye,ru,60.61000000007704,68.370000000081,59.65,67.41,58.09,95,12,3.67
diamantino,br,-12.779999999960495,-56.08999999998265,-14.4,-56.44,65.02,76,0,3.44
bathsheba,bb,17.130000000054807,-54.44999999998181,13.22,-59.52,78.8,78,40,18.34
crotone,it,37.6400000000653,18.010000000055257,39.09,17.12,51.8,93,90,25.28
havoysund,no,74.48000000008415,23.51000000005807,71,24.66,57.2,71,0,5.82
moron,ve,10.700000000051517,-68.22999999998886,10.49,-68.2,73.4,88,40,5.57
opuwo,na,-16.96999999996264,12.590000000052484,-18.06,13.84,40.27,50,0,2.66
ushtobe,kz,47.40000000007029,77.60000000008574,45.25,77.98,74.74,27,92,6.58
mitu,co,1.4900000000468054,-68.46999999998899,1.2,-70.17,70.6,100,92,2.44
zharkent,kz,43.45000000006826,79.73000000008682,44.17,80,67.9,44,80,0.98
hearst,ca,49.87000000007157,-84.36999999999712,49.69,-83.67,74.71,46,8,6.96
aljezur,pt,36.050000000064486,-11.04999999995961,37.31,-8.8,67,84,12,6.8
bonthe,sl,3.110000000047634,-15.399999999961835,7.53,-12.5,74.2,100,88,4.23
taltal,cl,-24.5199999999665,-76.52999999999311,-25.41,-70.49,47.02,86,0,1.43
mahibadhoo,mv,3.960000000048069,71.55000000008266,3.78,72.97,83.02,100,92,9.82
misratah,ly,33.020000000062936,16.280000000054372,32.38,15.09,67.72,100,0,5.12
harper,lr,2.9500000000475524,-7.729999999957911,4.38,-7.71,78.7,100,100,4.23
ati,td,14.540000000053482,18.400000000055456,13.21,18.34,78.07,72,76,13.51
cassilandia,br,-19.969999999964173,-52.24999999998069,-19.11,-51.73,65.2,71,36,7.14
rozkishne,ua,48.76000000007099,39.52000000006626,48.5,37.59,67.09,63,0,2.66
caravelas,br,-21.319999999964864,-26.869999999967703,-17.73,-39.27,75.82,100,24,19.33
rognan,no,67.17000000008039,15.420000000053932,67.1,15.4,48.2,87,75,4.7
vieux-habitants,gp,15.800000000054126,-62.76999999998607,16.06,-61.77,78.8,78,90,4.7
skelleftea,se,65.77000000007968,20.120000000056336,64.75,20.95,50,71,0,12.75
talcahuano,cl,-33.36999999997103,-78.44999999999409,-36.72,-73.12,53.6,93,90,4.7
poros,gr,37.58000000006527,23.55000000005809,40.11,21.53,51.07,97,20,2.55
gopalpur,in,19.13000000005583,84.9400000000895,25.6,86.94,90.31,68,0,8.03
elmina,gh,4.820000000048509,-1.2899999999546168,5.09,-1.35,76.81,100,92,15.3
bhimunipatnam,in,17.53000000005501,83.94000000008899,17.88,83.43,88.6,71,44,9.26
hammerfest,no,75.57000000008469,21.8100000000572,70.66,23.68,57.2,71,0,5.82
ambatolampy,mg,-19.289999999963825,47.31000000007026,-19.39,47.43,53.6,93,40,3.36
bizhbulyak,ru,53.490000000073394,54.2300000000738,53.69,54.27,72.85,51,56,6.13
ipinda,tz,-9.279999999958704,34.04000000006346,-9.48,33.88,50.89,91,0,1.1
atar,mr,19.590000000056065,-8.91999999995852,20.52,-13.05,88.66,25,0,8.75
tsumeb,na,-18.579999999963462,17.1200000000548,-19.25,17.72,40.99,57,0,3.56
vagur,fo,60.410000000076934,-6.7299999999574,61.47,-6.81,48.82,98,76,14.07
zaysan,kz,46.830000000070015,85.77000000008991,47.47,84.87,77.08,32,32,3.67
tarko-sale,ru,63.080000000078314,78.64000000008627,64.92,77.78,65.83,98,0,4.68
hamilton,bm,29.02000000006089,-65.54999999998749,32.3,-64.78,77,73,20,10.29
nsanje,mw,-17.529999999962925,34.36000000006362,-16.92,35.26,62.32,90,0,3
bonanza,ni,14.330000000053374,-84.7099999999973,14.03,-84.62,76.18,92,44,1.99
romodanovo,ru,54.500000000073925,45.47000000006932,54.42,45.33,70.69,53,36,10.71
rawson,ar,-51.50999999998031,-55.57999999998239,-43.3,-65.11,32.8,59,0,8.7
chapais,ca,54.590000000073985,-76.18999999999293,49.78,-74.86,68,40,20,6.93
urengoy,ru,66.31000000007998,79.81000000008686,65.96,78.37,69.25,100,24,3.67
letlhakane,bw,-21.149999999964777,25.820000000059252,-21.42,25.59,44.14,68,0,3.11
riyadh,sa,21.36000000005697,45.41000000006926,24.63,46.72,82.4,18,0,5.61
ripoll,es,42.28000000006767,2.150000000047143,42.2,2.19,60.8,82,20,1.12
shubarkuduk,kz,49.04000000007113,55.86000000007462,49.15,56.49,60.49,72,48,2.93
manaure,co,13.120000000052755,-73.16999999999139,11.78,-72.45,81.31,97,24,3.44
tutoia,br,1.1400000000466264,-41.809999999975346,-2.76,-42.27,73.57,98,8,6.02
matay,eg,27.77000000006025,29.39000000006108,28.42,30.79,70.87,54,0,8.48
oistins,bb,11.750000000052054,-55.25999999998223,13.07,-59.53,78.8,78,40,18.34
mangan,in,29.970000000061376,87.70000000009091,27.5,88.54,52.6,77,8,1.43
soyo,ao,-7.089999999957584,10.950000000051645,-6.13,12.37,71.95,89,76,3.67
dodola,et,6.6700000000494555,39.37000000006617,6.98,39.18,50.17,100,92,2.66
polyarnyy,ru,69.11000000008141,34.36000000006362,69.2,33.45,55.4,76,20,2.24
turochak,ru,51.36000000007232,87.37000000009073,52.26,87.12,68.8,71,0,3.11
timra,se,62.64000000007809,16.420000000054443,62.49,17.33,44.6,100,0,2.24
brigantine,us,36.84000000006489,-72.32999999999096,39.41,-74.36,75.18,78,1,5.82
ngama,td,11.560000000051957,17.280000000054883,11.78,17.17,72.67,92,92,14.07
bestobe,kz,53.24000000007328,72.83000000008332,52.5,73.1,64.39,76,0,9.04
temirtau,kz,50.00000000007162,72.94000000008336,50.05,72.96,59,77,20,8.25
dakar,sn,13.590000000052996,-18.079999999963206,14.69,-17.45,73.4,83,75,9.17
hun,ly,29.80000000006129,14.180000000053298,29.13,15.95,69.43,62,80,7.7
kotri,pk,25.27000000005897,68.24000000008095,25.36,68.31,87.7,69,0,14.63
nchelenge,zm,-9.399999999958766,27.450000000060086,-9.35,28.74,55.12,72,0,3.22
hambantota,lk,-1.1499999999545452,85.07000000008958,6.12,81.12,82.75,92,88,13.73
huarmey,pe,-11.769999999959978,-81.71999999999576,-10.07,-78.15,52.24,88,0,2.55
ous,ru,61.80000000007766,61.56000000007754,60.91,61.52,60.25,76,0,3.22
vyshestebliyevskaya,ru,45.110000000069135,37.00000000006497,45.2,37,64.4,77,0,11.18
vyartsilya,ru,61.99000000007777,30.300000000061544,62.18,30.69,50.53,93,92,19.77
bundibugyo,ug,0.6200000000463604,30.090000000061437,0.71,30.06,59.17,100,44,1.21
lodja,cd,-2.5699999999552716,21.890000000057242,-3.52,23.6,70.06,67,56,2.1
ust-kalmanka,ru,51.68000000007248,83.19000000008862,52.12,83.31,75.82,48,0,5.79
weligama,lk,3.530000000047849,79.40000000008666,5.97,80.42,81.76,89,92,11.72
akom,cm,2.5400000000473426,10.830000000051584,2.67,12.71,68.98,92,92,2.55
jaciara,br,-15.849999999962066,-54.649999999981915,-15.95,-54.98,66.37,59,48,4.56
kangaatsiaq,gl,69.29000000008148,-54.55999999998187,68.31,-53.46,33.97,91,92,8.25
mollendo,pe,-16.71999999996251,-71.89999999999074,-17.03,-72.02,52.42,97,8,2.55
alcains,pt,39.990000000066516,-7.3899999999577375,39.92,-7.46,64.57,78,12,2.77
lamu,ke,-4.959999999956494,44.83000000006899,-2.27,40.9,77.17,87,0,11.05
mao,td,14.3800000000534,13.860000000053134,14.12,15.31,76,76,0,16.2
victoria,sc,-8.03999999995807,61.21000000007734,-4.62,55.45,80.6,83,20,8.05
nevel,ru,55.96000000007467,30.170000000061478,56.02,29.92,59.17,75,12,12.17
shieli,kz,43.62000000006836,66.17000000007988,44.18,66.74,74.83,30,0,4.56
bonavista,ca,53.10000000007321,-47.84999999997844,48.65,-53.11,48.73,82,32,10.04
buraydah,sa,27.620000000060173,45.44000000006929,26.33,43.97,89.6,25,0,4.7
aksarayskiy,ru,48.02000000007061,48.510000000070875,46.79,48.01,66.2,55,0,2.24
matadi,cd,-5.689999999956868,14.080000000053246,-5.83,13.46,69.88,97,92,4
vilcun,cl,-38.54999999997368,-70.37999999998996,-38.65,-72.23,39.73,100,76,2.21
chastyye,ru,57.270000000075356,54.71000000007405,57.29,54.97,68.71,50,44,5.12
korla,cn,35.37000000006414,85.81000000008993,41.76,86.15,71.5,78,20,4
trairi,br,-2.8899999999554353,-39.419999999974124,-3.28,-39.27,81.4,99,32,16.64
carutapera,br,6.000000000049113,-42.94999999997593,-1.2,-46.02,74.11,100,64,5.68
vestmanna,fo,68.35000000008102,-9.159999999958643,62.16,-7.17,46.4,81,24,16.11
marquette,us,46.92000000007005,-86.00999999999796,46.54,-87.4,58.78,59,5,4.7
batsfjord,no,72.12000000008294,30.620000000061708,70.63,29.72,46.03,98,32,4.56
sorgun,tr,39.62000000006631,35.08000000006399,39.81,35.19,55.39,98,92,2.1
aktau,kz,50.130000000071675,74.3500000000841,43.65,51.16,66.2,48,0,6.71
cayenne,gf,7.410000000049834,-49.489999999979275,4.94,-52.33,77,94,92,2.24
villaviciosa,es,44.61000000006885,-5.02999999995653,43.48,-5.43,64.4,93,12,2.24
vianopolis,br,-16.65999999996248,-48.38999999997871,-16.74,-48.52,59.71,70,0,7.81
havelock,us,33.30000000006308,-75.39999999999253,34.88,-76.9,83.93,89,1,5.82
areni,am,39.55000000006629,45.18000000006916,39.72,45.19,69.8,46,40,4.7
krylovskaya,ru,46.43000000006981,40.17000000006658,46.32,39.96,65.47,51,0,2.66
abha,sa,18.6800000000556,42.57000000006781,18.22,42.5,69.8,19,0,0.43
luba,gq,1.2600000000466878,6.020000000049123,3.46,8.55,75.2,88,75,5.79
margate,za,-37.469999999973126,37.240000000065095,-30.86,30.37,63.67,94,56,4.56
itarema,br,2.740000000047445,-36.66999999997272,-2.92,-39.92,74.2,94,8,9.6
savinka,ru,49.430000000071345,47.26000000007022,50.08,47.1,74.29,53,0,3.11
bembereke,bj,10.710000000051522,2.470000000047307,10.23,2.66,72.58,88,88,9.48
saldanha,za,-47.16999999997809,-9.099999999958612,-33.01,17.94,51.8,93,12,3.36
ardabil,ir,38.30000000006564,48.26000000007073,38.25,48.3,53.59,87,0,1.1
tevriz,ru,58.48000000007596,73.33000000008354,57.51,72.4,55.57,94,76,4.23
birjand,ir,31.54000000006218,58.38000000007591,32.86,59.22,73.4,25,0,13.87
salinas,ec,-2.6499999999553125,-81.17999999999549,0.49,-78.13,42.52,85,12,1.99
qaqortoq,gl,61.83000000007769,-44.599999999976774,60.72,-46.03,44.6,65,75,3.36
goure,ne,15.040000000053737,10.700000000051517,13.98,10.27,81.04,61,8,18.66
bageshwar,in,30.04000000006141,79.78000000008686,29.85,79.77,66.37,74,0,1.99
hualmay,pe,-12.669999999960439,-79.70999999999474,-11.1,-77.61,54.67,96,32,2.77
severodvinsk,ru,64.97000000007927,38.860000000065924,64.56,39.82,53.6,100,40,4.47
arandis,na,-22.829999999965636,15.330000000053886,-22.42,14.98,50.71,85,8,2.77
iskateley,ru,69.65000000008166,55.70000000007454,67.68,53.15,46.75,74,8,11.83
nioki,cd,-2.619999999955297,18.15000000005533,-2.72,17.69,74.29,79,48,4
dudinka,ru,72.27000000008303,85.40000000008973,69.41,86.18,72.85,48,20,16.75
sept-iles,ca,53.50000000007341,-65.41999999998743,50.2,-66.38,55.4,58,20,11.41
akdepe,tm,42.20000000006763,57.68000000007555,42.05,59.39,65.28,48,0,2.24
concordia,ar,-30.719999999969673,-59.19999999998424,-31.4,-58.02,52.69,90,0,4.79
maragogi,br,-9.829999999958986,-33.75999999997123,-9.01,-35.22,75.55,80,92,10.16
sarankhola,bd,21.600000000057094,89.74000000009195,22.31,89.79,89.32,88,24,8.14
khorixas,na,-20.439999999964414,14.350000000053384,-20.37,14.96,39.73,76,0,2.66
bonfim,br,0.9000000000465036,-59.38999999998434,-20.33,-44.24,62.6,77,40,8.05
atasu,kz,49.62000000007143,70.18000000008195,48.68,71.64,70.51,53,0,4.56
gurgaon,in,28.430000000060588,77.07000000008549,28.47,77.03,87.8,52,40,4.7
sombrio,br,-28.969999999968778,-50.06999999997957,-29.11,-49.63,52.69,100,0,2.44
muzaffargarh,pk,30.100000000061442,71.27000000008252,30.08,71.19,91.4,59,20,6.93
loum,cm,4.88000000004854,9.560000000050934,4.72,9.72,66.01,98,92,3.22
gloucester,us,42.390000000067744,-70.08999999998981,37.41,-76.53,75.67,100,90,5.82
krasnovishersk,ru,61.85000000007767,58.12000000007578,60.4,57.08,62.23,77,0,4.45
kirovskiy,ru,45.65000000006938,48.87000000007106,45.09,133.51,68.8,83,32,3.11
trinidad,bo,-14.399999999961324,-64.25999999998683,-14.83,-64.9,62.77,85,24,3.11
wattegama,lk,3.3700000000477672,87.02000000009056,7.35,80.68,74.74,92,76,7.7
arucas,es,28.780000000060767,-15.38999999996183,28.12,-15.52,69.8,68,20,12.75
bouna,ci,8.960000000050627,-3.5899999999557934,9.27,-3,72.49,86,48,12.62
saint-michel-des-saints,ca,47.82000000007051,-73.93999999999178,46.68,-73.92,53.77,82,0,5.68
ewo,cg,-0.879999999954407,14.640000000053533,-0.88,14.81,68.17,92,76,4.23
gazanjyk,tm,41.500000000067274,56.75000000007509,39.24,55.52,71.23,70,0,8.14
baijiantan,cn,46.070000000069626,85.91000000009001,45.63,85.18,85.72,34,8,1.1
aasiaat,gl,71.04000000008239,-53.67999999998142,68.71,-52.87,36.13,100,80,9.71
saint-paul,re,-20.62999999996451,53.82000000007358,-21.01,55.27,68,72,64,8.05
luque,py,-25.25999999996688,-57.58999999998342,-25.27,-57.49,68,72,0,3.36
meteti,pa,8.660000000050474,-77.90999999999381,8.5,-77.98,72.22,100,88,3.56
warsaw,us,41.30000000006717,-86.01999999999796,41.24,-85.85,71.6,100,40,3.36
koungou,yt,-11.249999999959712,46.05000000006959,-12.73,45.2,78.8,78,0,10.29
lahan,np,26.960000000059836,86.3300000000902,26.71,86.48,79.15,91,36,2.1
xuddur,so,6.090000000049159,43.420000000068256,4.12,43.89,68.35,79,0,11.16
albany,us,42.250000000067644,-73.68999999999166,42.65,-73.75,66.04,49,40,3.36
voslobeni,ro,46.650000000069895,25.710000000059196,46.65,25.63,52.87,87,24,1.77
osorno,cl,-40.38999999997462,-74.39999999999202,-40.57,-73.14,29.65,85,0,3
praia,cv,6.880000000049563,-23.759999999966112,14.92,-23.51,71.6,78,75,11.41
yerkoy,tr,39.14000000006607,34.620000000063754,39.64,34.47,56.38,98,92,3.44
uyo,ng,4.9500000000485755,8.060000000050167,5.03,7.92,72.4,99,88,4.56
mehamn,no,73.32000000008355,27.800000000060265,71.03,27.85,50.8,85,48,3.56
sabha,ly,27.700000000060214,13.550000000052975,27.03,14.43,75.73,35,0,11.61
oxilithos,gr,38.5900000000658,24.140000000058393,38.58,24.12,72.13,78,24,9.71
zarasai,lt,55.76000000007457,26.160000000059426,55.73,26.25,58.09,74,0,13.73
uyuni,bo,-21.249999999964828,-67.1199999999883,-20.46,-66.82,19.93,59,0,2.21
husavik,is,74.23000000008403,-9.279999999958704,66.04,-17.34,41,75,0,6.93
conde,br,-12.3999999999603,-37.25999999997302,-11.81,-37.61,74.38,93,92,9.82
afrikanda,ru,67.27000000008047,32.860000000062854,67.44,32.78,56.29,81,80,3
nouakchott,mr,18.2900000000554,-17.14999999996273,18.08,-15.98,71.05,91,0,19.22
gijon,es,44.67000000006891,-5.639999999956842,43.54,-5.66,64.4,93,0,2.24
imbituba,br,-29.47999999996904,-44.40999999997668,-28.24,-48.67,62.6,93,0,6.93
naryan-mar,ru,67.19000000008043,52.680000000072994,67.67,53.09,45.4,72,12,13.06
yershov,ru,51.30000000007229,48.24000000007072,51.35,48.28,71.5,40,12,4.68
mazagao,br,0.760000000046432,-52.559999999980846,-0.12,-51.29,78.8,100,40,4.7
lixourion,gr,38.140000000065555,20.170000000056362,38.2,20.43,74.38,100,24,0.54
kavaratti,in,12.940000000052663,66.7500000000802,10.57,72.64,78.7,100,80,21.12
damaturu,ng,11.620000000051988,11.78000000005207,11.75,11.96,75.82,77,0,16.31
rusape,zw,-19.209999999963784,31.70000000006226,-18.53,32.12,40.45,84,0,2.55
saint-denis,re,-19.579999999963974,55.52000000007445,-20.87,55.47,68,72,64,8.05
mogadishu,so,-3.0899999999555376,48.89000000007104,2.04,45.34,78.52,100,68,16.31
cervo,es,44.350000000068746,-7.6499999999578705,43.67,-7.41,62.77,96,92,12.73
segovia,co,7.160000000049706,-74.7399999999922,7.08,-74.7,70.87,95,76,1.77
norilsk,ru,68.81000000008123,88.2300000000912,69.35,88.2,64.93,57,20,5.79
grand-santi,gf,3.5000000000478337,-54.79999999998199,4.27,-54.38,74.83,91,56,2.66
babati,tz,-4.409999999956213,35.930000000064425,-4.21,35.75,59.8,99,88,4.79
iraquara,br,-12.079999999960137,-41.79999999997534,-12.24,-41.62,62.23,88,68,8.48
benguela,ao,-12.929999999960572,12.590000000052484,-12.58,13.4,69.16,100,80,3.22
monrovia,lr,3.780000000047977,-12.229999999960214,6.33,-10.8,69.8,94,75,6.24
gravdal,no,69.54000000008162,12.750000000052566,59.79,5.78,53.6,71,92,6.93
maputo,mz,-26.719999999967627,33.060000000062956,-25.97,32.57,64.4,88,40,11.41
ibirama,br,-26.839999999967688,-49.7399999999794,-27.05,-49.52,53.05,96,76,2.21
dinajpur,bd,25.530000000059104,88.77000000009144,25.63,88.63,82.21,93,64,8.81
akhtubinsk,ru,48.560000000070886,46.28000000006972,48.29,46.17,72.58,59,0,2.77
kudahuvadhoo,mv,2.4500000000472966,63.68000000007862,2.67,72.89,81.22,100,32,8.14
bukama,cd,-10.069999999959109,25.1300000000589,-9.2,25.85,58.9,72,8,3.67
inhambane,mz,-23.9299999999662,39.32000000006616,-23.87,35.38,66.55,100,0,8.14
guhagar,in,17.160000000054822,72.18000000008297,17.48,73.19,75.82,100,100,6.24
karoi,zw,-16.099999999962193,29.710000000061243,-16.82,29.68,51.34,81,0,5.68
oristano,it,39.850000000066416,8.560000000050422,39.9,8.59,68,94,20,3.36
bealanana,mg,-14.389999999961319,48.430000000070834,-14.54,48.75,59.62,93,20,4
beloha,mg,-34.0999999999714,41.84000000006745,-25.17,45.06,58.45,96,76,3.44
jawhar,in,19.97000000005626,73.16000000008347,19.91,73.23,75.91,100,92,4
hornepayne,ca,49.13000000007116,-84.38999999999713,49.22,-84.78,65.65,52,0,7.47
mocuba,mz,-18.819999999963585,38.930000000065945,-16.84,36.99,60.79,91,0,2.66
anajatuba,br,-3.30999999995565,-44.27999999997661,-3.26,-44.62,71.95,100,48,3.56
brae,gb,61.89000000007769,-1.6799999999548163,60.4,-1.35,48.2,70,92,12.75
tshikapa,cd,-5.679999999956863,20.09000000005632,-6.42,20.79,66.37,83,0,2.1
kargasok,ru,58.67000000007607,80.11000000008704,59.06,80.87,57.73,90,80,7.58
beisfjord,no,67.73000000008068,18.440000000055477,68.38,17.6,44.6,93,92,3.36
charagua,bo,-19.879999999964127,-62.739999999986054,-19.79,-63.2,65.02,57,8,13.85
natal,br,-4.789999999956407,-31.80999999997023,-5.81,-35.21,75.2,83,0,9.17
kaspi,ge,41.98000000006752,44.39000000006877,41.93,44.42,66.2,88,40,6.93
kajaani,fi,63.73000000007863,27.91000000006032,64.22,27.73,50,76,0,14.99
talnakh,ru,76.170000000085,87.21000000009064,69.49,88.39,64.93,57,20,5.79
kedgwick,ca,47.91000000007057,-67.08999999998828,47.65,-67.35,54.31,64,0,6.13
oranjemund,na,-28.79999999996869,16.580000000054525,-28.55,16.43,58.72,98,0,14.29
necochea,ar,-51.21999999998016,-52.2799999999807,-38.55,-58.74,48.82,90,12,8.48
ipixuna,br,-6.129999999957093,-71.06999999999032,-1.76,-48.8,77,88,40,8.05
fougamou,ga,-1.4999999999547242,10.45000000005139,-1.22,10.59,66.37,95,64,2.55
hwange,zw,-18.659999999963503,26.610000000059657,-18.35,26.5,48.19,71,0,5.79
ngorongoro,tz,-2.849999999955415,34.97000000006393,-3.24,35.49,53.77,96,48,2.55
willowmore,za,-33.499999999971095,23.5700000000581,-33.3,23.49,27.13,74,0,2.55
mizdah,ly,30.23000000006151,13.660000000053031,31.45,12.98,61.33,90,12,4.79
trapani,it,39.070000000066045,11.940000000052152,38.02,12.54,71.06,77,0,1.12
bridlington,gb,54.640000000074,0.2600000000461762,54.08,-0.19,63.81,82,0,13.87
bartica,gy,5.850000000049036,-59.71999999998451,6.41,-58.62,77,94,20,2.44
maragheh,ir,37.240000000065095,46.17000000006965,37.39,46.24,57.46,46,0,5.01
bambey,sn,14.860000000053645,-16.459999999962378,14.7,-16.45,66.64,94,0,9.04
shakiso,et,4.970000000048586,39.900000000066456,5.77,38.9,56.83,100,100,1.77
nikolskoye,ru,51.36000000007232,38.72000000006585,59.7,30.79,53.6,76,0,8.95
matara,lk,0.6100000000463552,82.1900000000881,5.95,80.54,81.76,89,92,11.72
roald,no,72.4400000000831,2.220000000047179,62.58,6.12,50,76,92,28.86
dovolnoye,ru,54.480000000073915,79.2800000000866,54.5,79.67,62.59,89,64,10.83
marmarion,gr,38.03000000006551,24.3500000000585,38.05,24.32,76.19,50,20,9.17
turayf,sa,33.23000000006304,38.34000000006566,31.68,38.65,68,45,0,6.93
borgarnes,is,65.4000000000795,-21.889999999965156,64.54,-21.92,44.6,70,75,4.7
oranjestad,aw,13.390000000052893,-69.62999999998958,12.52,-70.03,80.6,83,20,16.11
gorom-gorom,bf,14.81000000005362,-0.06999999995399264,14.45,-0.24,82.75,55,0,14.74
shalyhyne,ua,51.54000000007241,34.310000000063596,51.58,34.1,70.6,73,12,8.25
nykoping,se,58.910000000076195,16.790000000054633,58.75,17.01,50.99,81,0,14.99
durban,za,-30.529999999969576,32.180000000062506,-29.86,31.03,68.53,100,88,5.23
bobcaygeon,ca,45.16000000006915,-78.56999999999415,44.54,-78.55,62.6,77,20,3.36
kapuskasing,ca,48.630000000070936,-82.5799999999962,49.42,-82.43,73.4,43,40,4.7
bongandanga,cd,1.100000000046606,20.310000000056434,1.51,21.07,68.35,98,32,3.22
ardakan,ir,33.12000000006299,53.96000000007365,32.31,54.02,82.4,11,0,9.17
lakshettipet,in,19.0700000000558,79.16000000008654,18.89,79.21,83.47,78,12,6.13
inyonga,tz,-6.849999999957461,32.200000000062516,-6.72,32.06,53.86,66,0,5.01
beitbridge,zw,-21.599999999965007,30.33000000006156,-22.22,30,48.46,80,0,3.22
mamallapuram,in,11.37000000005186,82.41000000008819,12.63,80.17,86,62,40,6.93
saint-augustin,ca,57.100000000075255,-61.919999999985635,45.63,-73.98,68.09,55,20,4.7
malanje,ao,-10.339999999959247,17.320000000054904,-9.54,16.35,55.3,98,56,2.66
koulikoro,ml,12.380000000052377,-7.039999999957558,12.86,-7.56,82.4,65,56,9.17
lokosovo,ru,59.720000000076595,75.08000000008445,61.13,74.84,64.12,65,80,4.23
tabas,ir,34.210000000063545,56.050000000074704,33.6,56.92,79.42,17,0,2.77
impfondo,cg,1.4900000000468054,17.340000000054914,1.64,18.07,71.14,97,76,2.77
benghazi,ly,33.75000000006331,17.830000000055165,32.12,20.07,69.8,77,0,4.7
sayat,tm,38.000000000065484,63.21000000007837,38.78,63.88,71.6,35,0,4.7
awjilah,ly,28.600000000060675,21.040000000056807,29.14,21.3,70.87,57,0,5.68
havre-saint-pierre,ca,51.54000000007241,-63.0199999999862,50.23,-63.6,55.4,76,20,5.82
yazd,ir,31.960000000062394,54.400000000073874,31.89,54.36,82.4,11,0,9.17
permet,al,40.29000000006664,20.350000000056454,40.23,20.35,57.37,100,80,1.66
camacha,pt,37.09000000006502,-17.409999999962864,33.08,-16.33,67.23,77,75,11.41
ulundi,za,-28.399999999968486,31.030000000061918,-28.29,31.43,51.97,100,88,2.44
mantes-la-jolie,fr,49.07000000007116,1.6000000000468617,48.99,1.71,59.4,93,20,2.77
shahrud,ir,36.63000000006478,54.85000000007409,36.42,54.97,56.65,91,0,3.44
nantucket,us,37.650000000065305,-68.55999999998903,41.28,-70.1,64.4,68,1,0.43
putina,pe,-14.429999999961339,-69.05999999998929,-14.91,-69.87,42.8,70,40,2.66
boende,cd,-0.3699999999541461,21.580000000057083,-0.28,20.88,69.43,99,36,3.44
tarancon,es,40.07000000006656,-2.7499999999553637,40.01,-3.01,71.6,53,0,2.24
kalangala,ug,-0.9099999999544224,32.410000000062624,-0.32,32.29,66.2,88,75,5.82
kayerkan,ru,70.12000000008192,87.49000000009079,69.35,87.76,68.08,60,12,9.82
avallon,fr,47.24000000007021,3.7300000000479514,47.49,3.91,57.91,92,0,4.79
mecca,sa,22.92000000005777,41.11000000006709,21.43,39.83,93.2,44,0,1.99
lebu,cl,-38.04999999997342,-86.8599999999984,-37.62,-73.65,50.53,100,0,15.64
broceni,lv,56.74000000007507,22.480000000057544,56.7,22.53,57.55,53,0,12.62
catio,gw,11.150000000051747,-15.099999999961682,11.28,-15.25,74.92,86,20,7.58
yaviza,pa,8.440000000050361,-77.65999999999369,8.16,-77.69,70.96,100,64,1.99
bhuj,in,23.320000000057973,69.3200000000815,23.25,69.67,83.92,81,100,9.04
suez,eg,29.92000000006135,32.58000000006271,29.97,32.54,67.9,70,0,2.66
eyl,so,3.7300000000479514,57.130000000075256,7.98,49.82,77.17,84,0,18.21
novokuznetsk,ru,53.84000000007359,87.18000000009064,53.76,87.14,68.62,61,0,8.03
salekhard,ru,66.44000000008003,66.99000000008033,66.54,66.62,51.25,99,92,15.86
buchanan,lr,4.250000000048217,-9.559999999958848,5.88,-10.05,69.8,94,75,4.79
kabalo,cd,-6.899999999957487,25.920000000059304,-6.05,26.92,63.13,86,0,3.11
aswan,eg,22.88000000005775,28.740000000060746,24.09,32.9,80.5,38,0,7.14
geraldton,ca,50.48000000007187,-88.54999999999926,49.72,-86.95,73.4,43,75,8.05
tabuk,sa,29.150000000060956,36.4700000000647,28.38,36.58,82.4,43,0,5.82
mumford,gh,1.2300000000466724,0.8100000000464576,5.26,-0.76,73.03,97,88,9.71
ziniare,bf,12.710000000052545,-0.9699999999544531,12.58,-1.3,84.2,70,0,11.41
mohgaon,in,21.530000000057058,78.71000000008632,21.65,78.72,80.32,92,48,6.46
selb,de,50.180000000071715,12.150000000052259,50.17,12.13,57.2,93,0,2.55
krasnogvardeyets,ru,52.680000000072994,52.40000000007285,46.16,39.17,66.73,48,0,2.66
waldshut-tiengen,de,47.680000000070436,8.36000000005032,47.62,8.22,59.9,87,0,3.36
luanda,ao,-10.329999999959242,8.020000000050146,-8.83,13.24,71.6,83,75,3.36
mayumba,ga,-6.069999999957062,7.860000000050064,-3.44,10.65,72.49,100,92,6.46
micheweni,tz,-5.00999999995652,40.94000000006699,-4.97,39.83,78.07,100,0,14.63
susehri,tr,39.37000000006617,38.35000000006568,40.16,38.09,52.87,98,88,2.55
pedernales,do,15.980000000054218,-71.68999999999063,18.04,-71.74,79.42,100,36,9.15
hendek,tr,40.45000000006672,30.72000000006176,40.8,30.75,64.4,100,75,2.1
planadas,co,3.1500000000476547,-75.67999999999267,3.2,-75.65,80.6,51,75,10.29
ashta,in,16.870000000054674,74.43000000008414,16.95,74.41,73.84,99,80,4.45
uruacu,br,-14.269999999961257,-48.82999999997894,-14.52,-49.14,62.05,69,0,4.68
ferrol,es,45.070000000069115,-8.949999999958536,43.48,-8.23,63.59,88,8,2.44
sharjah,ae,25.300000000058986,56.96000000007518,25.36,55.39,84.06,58,0,4.7
aksu,cn,41.660000000067356,79.76000000008685,41.12,80.26,57.19,100,92,4.79
ntungamo,ug,-1.0799999999545093,29.400000000061084,-0.87,30.27,62.77,87,92,1.21
methoni,gr,36.11000000006452,21.34000000005696,36.82,21.7,66.2,77,20,4.7
caraguatay,py,-25.2999999999669,-56.719999999982974,-25.24,-56.83,68,72,0,3.36
muisne,ec,2.2500000000471942,-81.89999999999586,0.61,-80.02,73.39,92,76,3.11
sur,om,18.420000000055467,61.03000000007728,22.57,59.53,88.6,82,0,10.71
onega,ru,64.8500000000792,38.180000000065576,63.91,38.09,53.95,89,92,6.24
boddam,gb,56.74000000007507,0.4100000000462529,57.47,-1.78,48.2,100,90,3.36
bezhetsk,ru,57.73000000007556,36.730000000064834,57.78,36.69,57.73,66,0,20.22
jaisalmer,in,27.020000000059866,71.11000000008244,26.91,70.91,86.89,60,0,12.06
eidsvag,no,62.47000000007802,7.89000000005008,62.78,8.07,49.1,66,92,25.28
sawakin,sd,19.09000000005581,37.47000000006521,19.1,37.33,84.2,70,0,5.82
islamkot,pk,24.900000000058782,70.1300000000819,24.7,70.18,83.56,80,76,9.26
tabou,ci,-3.119999999955553,-5.469999999956755,4.42,-7.36,78.88,100,100,6.58
stornoway,gb,58.66000000007605,-7.109999999957594,58.21,-6.39,48.2,87,92,1.12
garowe,so,9.130000000050714,48.34000000007077,8.41,48.48,76.36,54,0,12.73
araouane,ml,20.100000000056326,-6.169999999957113,18.9,-3.53,81.04,18,0,5.79
urucara,br,-0.7199999999543252,-58.829999999984054,-2.54,-57.76,71.77,100,56,3
karpogory,ru,64.16000000007887,44.890000000068994,64,44.44,58.72,100,92,3.22
hunucma,mx,21.20000000005689,-89.88999999999994,21.02,-89.88,86,62,75,6.93
pendra,in,22.840000000057728,82.01000000008798,22.77,81.96,83.83,75,32,4.23
brattvag,no,62.77000000007814,6.370000000049302,62.6,6.44,50,76,92,28.86
shiraz,ir,29.330000000061048,52.2700000000728,29.61,52.54,66.2,14,0,3.11
purpe,ru,64.97000000007927,76.9700000000854,64.48,76.69,64.66,100,56,4.45
mogwase,za,-25.37999999996694,27.170000000059943,-25.28,27.22,37.12,71,0,1.1
katakwi,ug,2.070000000047102,34.190000000063534,1.91,33.96,63.04,100,88,3.44
bridgetown,ca,44.39000000006877,-65.26999999998735,44.84,-65.29,62.6,55,5,5.82
amvrosiyivka,ua,47.51000000007036,38.37000000006566,47.79,38.48,67,59,0,2.77
kautokeino,no,68.7200000000812,24.040000000058342,69.01,23.04,52.69,84,92,4.68
kemin,kg,42.78000000006793,75.5600000000847,42.79,75.7,57.55,63,80,2.55
mitsamiouli,km,-6.70999999995739,46.43000000006981,-11.38,43.28,77.89,100,8,7.14
mpanda,tz,-6.739999999957405,31.09000000006195,-6.34,31.07,52.96,83,0,3.11
kochi,in,9.780000000051047,75.63000000008475,9.96,76.25,77,94,90,5.12
talara,pe,-4.529999999956274,-83.56999999999671,-4.58,-81.27,63.58,96,36,4.68
honningsvag,no,72.86000000008332,25.670000000059176,70.98,25.97,50.62,84,68,4.23
floro,no,61.91000000007773,4.6000000000483965,61.6,5.03,50,71,88,18.34
goba,et,6.680000000049461,39.910000000066475,7.01,39.97,48.37,92,48,3.11
pudozh,ru,61.550000000077546,37.140000000065044,61.81,36.54,51.61,85,0,21.23
puri,in,19.17000000005585,85.7400000000899,19.8,85.85,84.2,89,40,2.24
tignere,cm,7.2800000000497676,12.25000000005231,7.37,12.65,63.85,98,92,4.56
ouidah,bj,5.790000000049005,2.1700000000471533,6.37,2.09,78.8,78,40,17.22
kathmandu,np,31.040000000061923,85.90000000008999,27.71,85.32,73.4,78,40,2.55
manica,mz,-18.219999999963278,33.08000000006297,-18.94,32.88,60.8,82,0,2.24
colesberg,za,-31.089999999969862,25.570000000059125,-30.72,25.1,27.13,73,0,2.44
vicuna,cl,-29.71999999996916,-69.48999999998951,-30.03,-70.71,51.8,87,90,3.36
bandarbeyla,so,9.420000000050862,49.86000000007155,9.49,50.81,76.99,84,8,25.7
qandala,so,11.990000000052177,50.29000000007176,11.47,49.87,78.79,68,12,5.79
aripuana,br,-10.429999999959293,-59.889999999984596,-9.17,-60.63,80.32,60,64,3
dasoguz,tm,40.25000000006662,59.670000000076584,41.84,59.97,63.14,48,0,2.24
asnaes,dk,56.130000000074745,11.440000000051896,55.81,11.5,51.8,81,24,5.82
pitimbu,br,-7.369999999957727,-33.7099999999712,-7.47,-34.81,71.6,88,0,9.17
zorritos,pe,-3.4899999999557423,-80.77999999999528,-3.68,-80.68,69.8,88,75,8.05
neuquen,ar,-36.80999999997279,-67.48999999998848,-38.95,-68.06,44.6,75,0,2.24
touros,br,-2.7299999999553535,-35.669999999972205,-5.2,-35.46,75.82,91,76,13.73
tarrafal,cv,15.28000000005386,-23.959999999966215,15.28,-23.77,71.6,78,75,11.41
chatra,in,24.29000000005847,84.43000000008925,24.21,84.87,89.6,59,40,9.17
skjervoy,no,73.38000000008358,20.430000000056495,70.03,20.97,48.73,90,80,2.21
